ttk_id,source_extraction_id,sandbox_version,weapon_hash,weapon_or_archetype,mode,resilience_tier,target_hp,weapon_parameter,wp_max_bonus_pct,wp_bonus_pct,crit_damage,body_damage,effective_crit_damage,effective_body_damage,rpm,burst_count,crit_required,body_required,optimal_ttk_ms,body_ttk_ms,body_forgiveness_count,body_forgiveness_pct,formula_confidence,db_apply,conditions,notes
TTK-2026-01-27-001,DMG-2026-01-27-001,update-9.5.5,,All-Star perk,PvP,,230,100,0.05,0,,,,,,,,,,,,,Verified,Ready,Conditional 15 percent PvP weapon damage bonus while All-Star is active.,
TTK-2025-12-02-001,DMG-2025-12-02-001,update-9.5.0,,New Gear weapons,PvP,,230,100,0.05,0,,,,,,,,,,,,,Needs In-Game Test,No,New Gear weapon damage bonus is 5 percent but PvP scope needs confirmation.,
TTK-2025-12-02-002,DMG-2025-12-02-002,update-9.5.0,,Rapid-Fire Pulse Rifle,PvP,,230,100,0.05,0,27.9,15.5,,,540,3,,,,,,,Needs Calculation,No,Burst cadence required before final TTK.,
TTK-2025-12-02-003,DMG-2025-12-02-003,update-9.5.0,,Lightweight Shotgun,PvP,,230,100,0.05,0,,23,,,80,1,,,,,,,Needs In-Game Test,No,Per-pellet damage with pellet count and PvP scaling still required.,
TTK-2025-12-02-004,DMG-2025-12-02-004,update-9.5.0,,Aggressive Shotgun,PvP,,230,100,0.05,0,,28,,,55,1,,,,,,,Needs In-Game Test,No,Per-pellet damage with pellet count and PvP scaling still required.,
TTK-2025-12-02-005,DMG-2025-12-02-005,update-9.5.0,,Pinpoint Slug Shotgun,PvP,,230,100,0.05,0,,,,,,,,,,,,,Verified,Ready,Damage against players reduced by 6 percent.,
TTK-2025-12-02-006,DMG-2025-12-02-006,update-9.5.0,3413860062,The Chaperone,PvP,,230,100,0.05,0,,,,,,,,,,,,,Needs Source Check,Ready,Uses Rapid-Fire Slug frame damage and rate of fire profile.,
TTK-2025-07-29-001,DMG-2025-07-29-001,update-9.0.0.4,,Weapons stat,PvP,,230,200,0.05,0.05,,,,,,,,,,,,,Verified,Ready,WP maximum PvP weapon damage bonus is 5 percent at WP 200.,
TTK-2025-07-15-001,DMG-2025-07-15-001,update-9.0.0.1,,Weapon Tiering,PvP,,230,100,0.05,0,,,,,,,,,,,,,Needs Source Check,No,Historical tier damage bonus ranged from 2 percent to 10 percent and may be superseded by 9.5.0.,
TTK-2025-07-15-002,DMG-2025-07-15-002,update-9.0.0.1,1441805468,The Navigator,PvP,,230,100,0.05,0,,,,,1000,1,,,,,,,Verified,Ready,Woven Mail owner bonus is 5 percent weapon damage in PvP.,
TTK-2025-07-15-003,DMG-2025-07-15-003,update-9.0.0.1,347366834,Ace of Spades,PvP,,230,100,0.05,0,,,,,140,1,,,,,,,Verified,Ready,Memento Mori precision kill explosion damage against players increased by 15 percent.,
TTK-2025-07-15-004,DMG-2025-07-15-004,update-9.0.0.1,,Heavy Burst Shotguns,PvP,,230,100,0.05,0,,,,,,,,,,,,,Needs Source Check,No,Exact earlier intended damage buff still needs source extraction.,
TTK-2024-10-08-001,DMG-2024-10-08-003,update-8.1.0,,Rapid-Fire Sidearm,PvP,,230,100,0.05,0,40,,,,,1,,,,,,,Needs Calculation,No,Body damage and exact frame RPM still required.,
TTK-2024-10-08-002,DMG-2024-10-08-004,update-8.1.0,,Adaptive Sidearm,PvP,,230,100,0.05,0,57.6,,,,,1,,,,,,,Needs Calculation,No,Body damage and exact frame RPM still required.,
TTK-2024-10-08-003,DMG-2024-10-08-005,update-8.1.0,,Precision Sidearm,PvP,,230,100,0.05,0,64,,,,,1,,,,,,,Needs Calculation,No,Body damage and exact frame RPM still required.,
TTK-2024-10-08-004,DMG-2024-10-08-006,update-8.1.0,,Adaptive Burst Sidearm,PvP,,230,100,0.05,0,37,,,,,2,,,,,,,Needs Calculation,No,Body damage and burst cadence still required.,
TTK-2024-10-08-005,DMG-2024-10-08-007,update-8.1.0,,Heavy Burst Sidearm,PvP,,230,100,0.05,0,48,,,,,2,,,,,,,Needs Calculation,No,Body damage and burst cadence still required.,
TTK-2024-10-08-006,DMG-2024-10-08-008,update-8.1.0,,Lightweight Sidearm,PvP,,230,100,0.05,0,49.6,,,,,1,,,,,,,Needs Calculation,No,Body damage and exact frame RPM still required.,
TTK-2024-10-08-007,DMG-2024-10-08-009,update-8.1.0,,Lightweight Submachine Gun,PvP,,230,100,0.05,0,,10.6,,,900,1,,,,,,,Needs Calculation,No,Crit damage still required.,
TTK-2024-10-08-008,DMG-2024-10-08-010,update-8.1.0,,Adaptive Submachine Gun,PvP,,230,100,0.05,0,,11.5,,,900,1,,,,,,,Needs Calculation,No,Crit damage still required.,
TTK-2024-10-08-009,DMG-2024-10-08-011,update-8.1.0,,Aggressive Submachine Gun,PvP,,230,100,0.05,0,23.8,,,,750,1,,,,,,,Needs Calculation,No,Body damage still required.,
TTK-2024-10-08-010,DMG-2024-10-08-012,update-8.1.0,,Precision Submachine Gun,PvP,,230,100,0.05,0,26.7,16.7,,,600,1,,,,,,,Needs Calculation,No,Formula row pending weapon mapping.,
TTK-2024-10-08-011,DMG-2024-10-08-013,update-8.1.0,,Rapid-Fire Auto Rifle,PvP,,230,100,0.05,0,22.95,13.5,,,720,1,,,,,,,Needs Calculation,No,Formula row pending weapon mapping.,
TTK-2024-10-08-012,DMG-2024-10-08-014,update-8.1.0,,Adaptive Auto Rifle,PvP,,230,100,0.05,0,26.25,,,,600,1,,,,,,,Needs Calculation,No,Body damage still required.,
TTK-2024-10-08-013,DMG-2024-10-08-015,update-8.1.0,,Precision Auto Rifle,PvP,,230,100,0.05,0,33.95,19.4,,,450,1,,,,,,,Needs Calculation,No,Formula row pending weapon mapping.,
TTK-2024-10-08-014,DMG-2024-10-08-016,update-8.1.0,,High-Impact Auto Rifle,PvP,,230,100,0.05,0,41.4,23,,,360,1,,,,,,,Needs Calculation,No,Formula row pending weapon mapping.,
TTK-2024-10-08-015,DMG-2024-10-08-017,update-8.1.0,,Precision Hand Cannon,PvP,,230,100,0.05,0,70.22,45.3,,,180,1,,,,,,,Needs Calculation,No,Formula row pending weapon mapping.,
TTK-2024-10-08-016,DMG-2024-10-08-018,update-8.1.0,,Adaptive Hand Cannon,PvP,,230,100,0.05,0,80.1,44.5,,,140,1,,,,,,,Needs Calculation,No,Formula row pending weapon mapping.,
TTK-2024-10-08-017,DMG-2024-10-08-019,update-8.1.0,,Heavy Burst Hand Cannon,PvP,,230,100,0.05,0,52.8,24,,,257,2,,,,,,,Needs Calculation,No,Burst cadence required before final TTK.,
TTK-2024-10-08-018,DMG-2024-10-08-020,update-8.1.0,,Aggressive Hand Cannon,PvP,,230,100,0.05,0,88.05,47.6,,,120,1,,,,,,,Needs Calculation,No,Formula row pending weapon mapping.,
TTK-2024-10-08-019,DMG-2024-10-08-021,update-8.1.0,,Rapid-Fire Pulse Rifle,PvP,,230,100,0.05,0,27.55,,,,540,3,,,,,,,Needs Calculation,No,Body damage and burst cadence still required.,
TTK-2024-10-08-020,DMG-2024-10-08-022,update-8.1.0,,Lightweight Pulse Rifle,PvP,,230,100,0.05,0,31.45,,,,450,3,,,,,,,Needs Calculation,No,Body damage and burst cadence still required.,
TTK-2024-10-08-021,DMG-2024-10-08-023,update-8.1.0,,Adaptive Pulse Rifle,PvP,,230,100,0.05,0,36.3,22,,,390,3,,,,,,,Needs Calculation,No,Burst cadence required before final TTK.,
TTK-2024-10-08-022,DMG-2024-10-08-024,update-8.1.0,,Heavy Burst Pulse Rifle,PvP,,230,100,0.05,0,42.55,,,,324,2,,,,,,,Needs Calculation,No,Body damage and burst cadence still required.,
TTK-2024-10-08-023,DMG-2024-10-08-025,update-8.1.0,,High-Impact Pulse Rifle,PvP,,230,100,0.05,0,39.6,,,,340,3,,,,,,,Needs Calculation,No,Body damage and burst cadence still required.,
TTK-2024-10-08-024,DMG-2024-10-08-026,update-8.1.0,,Aggressive Pulse Rifle,PvP,,230,100,0.05,0,30.2,,,,450,4,,,,,,,Needs Calculation,No,Body damage and burst cadence still required.,
TTK-2024-10-08-025,DMG-2024-10-08-027,update-8.1.0,,Rapid-Fire Scout Rifle,PvP,,230,100,0.05,0,54.6,,,,260,1,,,,,,,Needs Calculation,No,Body damage still required.,
TTK-2024-10-08-026,DMG-2024-10-08-028,update-8.1.0,,Lightweight Scout Rifle,PvP,,230,100,0.05,0,64,,,,200,1,,,,,,,Needs Calculation,No,Body damage still required.,
TTK-2024-10-08-027,DMG-2024-10-08-029,update-8.1.0,,Precision Scout Rifle,PvP,,230,100,0.05,0,,38.5,,,180,1,,,,,,,Needs Calculation,No,Crit damage still required.,
TTK-2024-10-08-028,DMG-2024-10-08-030,update-8.1.0,,Aggressive Scout Rifle,PvP,,230,100,0.05,0,91.8,,,,120,1,,,,,,,Needs Calculation,No,Body damage still required.,
TTK-2024-10-08-029,DMG-2024-10-08-031,update-8.1.0,,High-Impact Scout Rifle,PvP,,230,100,0.05,0,84,,,,150,1,,,,,,,Needs Calculation,No,Body damage still required.,
TTK-2024-10-08-030,DMG-2024-10-08-032,update-8.1.0,,Lightweight Bow,PvP,,230,100,0.05,0,123.2,77,,,612,1,,,,,,,Needs Calculation,No,Draw time formula required instead of RPM formula.,
TTK-2024-10-08-031,DMG-2024-10-08-033,update-8.1.0,3698448090,Choir of One,PvP,,230,100,0.05,0,,,,,,,,,,,,,Verified,Ready,Hip-fire projectile damage against players increased by 10 percent.,
TTK-2025-05-06-001,DMG-2025-05-06-001,update-8.2.6,,High-Impact Auto Rifle,Both,,230,100,0.05,0,43.2,24,,,360,1,,,,,,,Needs Verification,No,Official 8.2.6 damage values captured; PvP scope and current sandbox chain must be reconciled before applying.,
TTK-2025-05-06-002,DMG-2025-05-06-002,update-8.2.6,,Precision Auto Rifle,Both,,230,100,0.05,0,34,20,,,450,1,,,,,,,Needs Verification,No,Official 8.2.6 damage values captured; PvP scope and current sandbox chain must be reconciled before applying.,
TTK-2025-05-06-003,DMG-2025-05-06-003,update-8.2.6,,Rapid-Fire Pulse Rifle,Both,,230,100,0.05,0,27.8,15,,,540,3,,,,,,,Needs Verification,No,Official 8.2.6 damage values captured; burst cadence and PvP scope still require verification.,
TTK-2025-05-06-004,DMG-2025-05-06-004,update-8.2.6,,Heavy Burst Slug Shotguns,Both,,230,100,0.05,0,,,,,,,,,,,,,Needs Verification,No,Official 8 percent scalar captured; slug profile and PvP scope need validation.,
TTK-2025-05-06-005,DMG-2025-05-06-005,update-8.2.6,,Heavy Burst Hand Cannon,Both,,230,100,0.05,0,,,,,257,2,,,,,,,Verified,No,ADS falloff scalar only; no direct base damage or TTK change.,
TTK-2024-08-06-001,DMG-2024-08-06-001,update-8.0.5,,Precision Bow,PvP,,230,100,0.05,0,130.5,90,,,,,,,,,,,Needs Calculation,No,Official PvP damage values captured; draw-time formula required instead of RPM formula.,
TTK-2024-06-04-001,DMG-2024-06-04-001,update-8.0.0.1,,Machine Guns,Both,,230,100,0.05,0,,,,,,,,,,,,,Needs Verification,No,Global scalar found; PvP applicability must be verified before applying.,
TTK-2024-06-04-002,DMG-2024-06-04-002,update-8.0.0.1,,Swords,Both,,230,100,0.05,0,,,,,,,,,,,,,Needs Verification,No,Global scalar found; PvP applicability and melee formula must be verified.,
TTK-2024-06-04-003,DMG-2024-06-04-003,update-8.0.0.1,,Chain Reaction Special weapons,Both,,230,100,0.05,0,,,,,,,,,,,,,Needs Verification,No,Perk explosion scalar only; do not apply to base weapon TTK.,
TTK-2024-06-04-004,DMG-2024-06-04-004,update-8.0.0.1,,Chain Reaction Heavy weapons,Both,,230,100,0.05,0,,,,,,,,,,,,,Needs Verification,No,Perk explosion scalar only; do not apply to base weapon TTK.,
TTK-2024-03-05-001,DMG-2024-03-05-001,update-7.3.5,,Crucible Guardian HP,PvP,,230,100,0.05,0,,,,,,,,,,,,,Verified,Ready,Target HP baseline is 230 after 7.3.5; weapon TTK rows should use 230.,
TTK-2024-03-05-002,DMG-2024-03-05-002,update-7.3.5,,Trace Rifles,PvP,,230,100,0.05,0,,,,,1000,1,,,,,,,Needs Calculation,No,Official 7.3.5 scalar captured; exact base and crit damage still required.,
TTK-2024-03-05-003,DMG-2024-03-05-003,update-7.3.5,,Shotguns,PvP,,230,100,0.05,0,,,,,,,,,,,,,Needs Calculation,No,Official 7.3.5 scalar captured; pellet or slug damage profile required.,
TTK-2024-03-05-004,DMG-2024-03-05-004,update-7.3.5,,Fusion Rifles,PvP,,230,100,0.05,0,,,,,,,,,,,,,Needs Calculation,No,Official 7.3.5 scalar captured; bolt count and charge timing required.,
TTK-2024-03-05-005,DMG-2024-03-05-005,update-7.3.5,,Glaive projectile,PvP,,230,100,0.05,0,,,,,,,,,,,,,Needs Calculation,No,Official 7.3.5 projectile scalar captured.,
TTK-2024-03-05-006,DMG-2024-03-05-006,update-7.3.5,,Glaive melee,PvP,,230,100,0.05,0,,,,,,,,,,,,,Needs Calculation,No,Official 7.3.5 melee scalar captured; not standard shot TTK.,
TTK-2024-03-05-007,DMG-2024-03-05-007,update-7.3.5,,Machine Guns,PvP,,230,100,0.05,0,,,,,,,,,,,,,Needs Calculation,No,Official 7.3.5 scalar captured; archetype split required.,
TTK-2024-03-05-008,DMG-2024-03-05-008,update-7.3.5,,Heavy Grenade Launcher,PvP,,230,100,0.05,0,,,,,,,,,,,,,Needs Calculation,No,Official 7.3.5 detonation scalar captured; impact split required.,
TTK-2024-03-05-009,DMG-2024-03-05-009,update-7.3.5,,Fighting Lion,PvP,,230,100,0.05,0,,,,,,,,,,,,,Needs Calculation,No,Official exotic PvP scalar captured; impact and detonation split required.,
TTK-2024-03-05-010,DMG-2024-03-05-010,update-7.3.5,,Devils Ruin beam,PvP,,230,100,0.05,0,,,,,300,1,,,,,,,Needs Calculation,No,Official beam scalar captured; charged beam profile required.,
TTK-2024-03-05-011,DMG-2024-03-05-011,update-7.3.5,,Forerunner,PvP,,230,100,0.05,0,,,,,200,1,,,,,,,Needs Calculation,No,Official exotic scalar captured; exact damage profile required.,
TTK-2023-12-19-001,DMG-2023-12-19-001,update-7.3.0.5,,Checkmate weapon damage tuning,Checkmate,,230,100,0.05,0,,,,,,,,,,,,,Needs Verification,No,Mode-specific tuning only; normal PvP Potential needs separate mode support.,
TTK-2023-11-28-001,DMG-2023-11-28-001,update-7.3.0,,Aggressive Glaive projectile,PvP,,230,100,0.05,0,,123,,,,,,,,,,,Needs Calculation,No,Official projectile damage value captured; current sandbox may supersede after 7.3.5.,
TTK-2023-11-28-002,DMG-2023-11-28-002,update-7.3.0,,Adaptive Glaive projectile,PvP,,230,100,0.05,0,,113,,,,,,,,,,,Needs Calculation,No,Official projectile damage value captured; current sandbox may supersede after 7.3.5.,
TTK-2023-11-28-003,DMG-2023-11-28-003,update-7.3.0,,Rapid-Fire Glaive projectile,PvP,,230,100,0.05,0,,101,,,,,,,,,,,Needs Calculation,No,Official projectile damage value captured; current sandbox may supersede after 7.3.5.,
TTK-2023-08-22-001,DMG-2023-08-22-001,update-7.2.0.1,,Aggressive Sidearm,Both,,230,100,0.05,0,,30,,,,,,,,,,,Needs Verification,No,Historical base damage row; PvP scope and current sandbox chain need verification.,
TTK-2023-04-18-001,DMG-2023-04-18-001,update-7.0.5,,Rapid-Fire Fusion Rifle,PvP,,230,100,0.05,0,260,28.9,,,,7,,,,,,,Needs Calculation,No,Official per-bolt and burst damage captured; charge-time and bolts-to-kill formula required.,
TTK-2023-04-18-002,DMG-2023-04-18-002,update-7.0.5,,Trace Rifles,PvP,,230,100,0.05,0,16.9,12.5,,,1000,1,,,,,,,Needs Calculation,No,Official special weapon damage captured; later sandbox changes must be reconciled before applying.,
TTK-2022-10-18-001,DMG-2022-10-18-001,update-6.2.5,,Precision Auto Rifle,PvP,,230,100,0.05,0,31,,,,450,1,,,,,,,Needs Calculation,No,Historical PvP value; current sandbox supersedes.,
TTK-2022-10-18-002,DMG-2022-10-18-002,update-6.2.5,,Adaptive Pulse Rifle,PvP,,230,100,0.05,0,31.4,,,,390,3,,,,,,,Needs Calculation,No,Historical PvP value; current sandbox supersedes.,
TTK-2022-10-18-003,DMG-2022-10-18-003,update-6.2.5,,High-Impact Scout Rifle,PvP,,230,100,0.05,0,70,40,,,150,1,,,,,,,Needs Calculation,No,Historical PvP value; current sandbox supersedes.,
TTK-2022-10-18-004,DMG-2022-10-18-004,update-6.2.5,,Precision SMG,PvP,,230,100,0.05,0,23.8,17,,,600,1,,,,,,,Needs Calculation,No,Historical PvP value; current sandbox supersedes.,
TTK-2022-10-18-005,DMG-2022-10-18-005,update-6.2.5,,Lightweight SMG,PvP,,230,100,0.05,0,17.9,10.85,,,900,1,,,,,,,Needs Calculation,No,Historical PvP value; current sandbox supersedes.,
TTK-2022-10-18-006,DMG-2022-10-18-006,update-6.2.5,3413074534,Lord of Wolves Release the Wolves,PvP,,230,100,0.05,0,,,,,,,,,,,,,Needs Calculation,No,Mode-specific exotic behavior; use weapon-specific model only.,
TTK-2022-08-23-001,DMG-2022-08-23-001,update-6.2.0,3549153978,Fighting Lion,Both,,230,100,0.05,0,,,,,,,,,,,,,Needs Verification,No,Historical exotic scalar; PvP scope should be verified before applying.,
TTK-2022-08-23-002,DMG-2022-08-23-002,update-6.2.0,3413074534,Lord of Wolves,PvP,,230,100,0.05,0,,35,,,,,,,,,,,Needs Calculation,No,Official body damage captured; burst model required.,
TTK-2022-08-23-003,DMG-2022-08-23-003,update-6.2.0,3413074534,Lord of Wolves Release the Wolves,PvP,,230,100,0.05,0,,44,,,,,,,,,,,Needs Calculation,No,Official Release the Wolves body damage captured; burst size and delay required.,
TTK-2022-08-23-004,DMG-2022-08-23-004,update-6.2.0,3654674561,Dead Mans Tale,PvP,,230,100,0.05,0,,,,,,,,,,,,,Verified,No,Perk damage removal only; base weapon damage unchanged.,
